layer,head,mem_input,cp_input
0,0,0.9475393295288086,-3.1660261154174805
0,0,-15.609560012817383,-19.379560470581055
0,0,-8.700262069702148,-13.516227722167969
0,0,-0.9923019409179688,-3.1861014366149902
0,0,2.9780502319335938,1.7568044662475586
0,0,-7.095392227172852,-13.680355072021484
0,0,29.780609130859375,24.466026306152344
0,0,3.1660261154174805,-0.9475393295288086
0,0,3.7439017295837402,-1.820246934890747
0,0,-4.799086570739746,-8.517922401428223
0,1,15.190543174743652,-25.01284408569336
0,1,12.859668731689453,-9.195690155029297
0,1,14.684307098388672,-11.897588729858398
0,1,9.669071197509766,-6.667110443115234
0,1,9.333517074584961,-8.773910522460938
0,1,1.4653911590576172,-20.37886619567871
0,1,5.705741882324219,-15.852760314941406
0,1,25.01284408569336,-15.190543174743652
0,1,8.435831069946289,-8.617448806762695
0,1,13.911980628967285,-10.83273696899414
0,2,0.38881587982177734,0.42513179779052734
0,2,-7.245090484619141,-10.723594665527344
0,2,-3.038553476333618,-3.7041473388671875
0,2,3.301485538482666,2.8431363105773926
0,2,1.7290940284729004,-0.08767032623291016
0,2,6.886829376220703,4.7852373123168945
0,2,16.036151885986328,11.731884956359863
0,2,-0.42513179779052734,-0.38881587982177734
0,2,4.39536190032959,-4.66119384765625
0,2,-8.227810859680176,-17.554275512695312
0,3,-1.368514060974121,-9.876396179199219
0,3,4.573216438293457,-4.235135078430176
0,3,0.4797039031982422,-15.045162200927734
0,3,4.662199974060059,-2.120108127593994
0,3,7.704311370849609,-0.9231033325195312
0,3,-0.6059169769287109,-15.683097839355469
0,3,13.668831825256348,0.7012510299682617
0,3,9.876396179199219,1.368514060974121
0,3,14.748038291931152,-4.4519195556640625
0,3,7.330447196960449,-7.16500186920166
0,4,21.41194725036621,6.184420585632324
0,4,2.366140842437744,-15.536577224731445
0,4,21.393266677856445,-2.333963394165039
0,4,12.03127670288086,0.06266695261001587
0,4,-8.456707000732422,-23.767303466796875
0,4,1.982079029083252,-17.491111755371094
0,4,18.652318954467773,1.1582441329956055
0,4,-6.184420585632324,-21.41194725036621
0,4,-6.159065246582031,-27.633516311645508
0,4,-2.381885528564453,-18.01736831665039
0,5,-2.5198183059692383,-20.339542388916016
0,5,20.84429168701172,-6.020563125610352
0,5,-2.1158227920532227,-21.160072326660156
0,5,3.5738658905029297,-11.650413513183594
0,5,10.062938690185547,-5.336127758026123
0,5,-4.52027702331543,-23.315834045410156
0,5,12.099832534790039,-1.0025911331176758
0,5,20.339542388916016,2.5198183059692383
0,5,10.345752716064453,-11.289379119873047
0,5,14.37834644317627,-8.84180736541748
0,6,-8.72553539276123,-21.768516540527344
0,6,14.38148307800293,4.828287124633789
0,6,7.340932846069336,1.7194766998291016
0,6,12.825121879577637,5.816993236541748
0,6,-1.989640235900879,-3.6382884979248047
0,6,-1.8776788711547852,-3.403789520263672
0,6,4.014806747436523,-3.619863510131836
0,6,21.768516540527344,8.72553539276123
0,6,-13.1341552734375,-15.651551246643066
0,6,-7.2005534172058105,-10.285221099853516
0,7,-7.977742671966553,-11.578813552856445
0,7,8.309175491333008,6.408903121948242
0,7,-11.101924896240234,-13.453615188598633
0,7,1.9334163665771484,-0.9225540161132812
0,7,-0.5953983068466187,-1.3792262077331543
0,7,-8.567129135131836,-17.997220993041992
0,7,8.977141380310059,-0.7328377962112427
0,7,11.578813552856445,7.977742671966553
0,7,14.155863761901855,7.029984951019287
0,7,16.329700469970703,4.5468926429748535
0,8,14.850053787231445,13.218659400939941
0,8,-14.668411254882812,-21.609134674072266
0,8,6.93324613571167,4.5088958740234375
0,8,7.886137008666992,5.1934661865234375
0,8,0.45638489723205566,0.3616783618927002
0,8,-2.237370491027832,-8.203104972839355
0,8,8.024923324584961,-1.8170843124389648
0,8,-13.218659400939941,-14.850053787231445
0,8,0.6220223903656006,-3.800940990447998
0,8,12.767066955566406,4.738214492797852
0,9,7.68186092376709,8.7258939743042
0,9,-20.048019409179688,-19.09986686706543
0,9,10.4243745803833,8.299196243286133
0,9,-0.6457028388977051,-1.0725040435791016
0,9,3.2921764850616455,4.70298957824707
0,9,1.4696826934814453,7.956089019775391
0,9,-12.59475326538086,-3.4773941040039062
0,9,-8.7258939743042,-7.68186092376709
0,9,-10.828389167785645,-6.192266464233398
0,9,25.210731506347656,40.355377197265625
0,10,-5.2264404296875,-17.92661476135254
0,10,0.6691122055053711,-10.514154434204102
0,10,4.132452011108398,-13.727987289428711
0,10,3.1290602684020996,-1.4103450775146484
0,10,-0.6521058082580566,-10.534914016723633
0,10,-10.305501937866211,-31.127925872802734
0,10,35.56190872192383,23.48691177368164
0,10,17.92661476135254,5.2264404296875
0,10,12.617931365966797,0.5181388854980469
0,10,-3.834954023361206,-16.877809524536133
0,11,4.951494216918945,5.4966888427734375
0,11,-6.455206871032715,-7.818277359008789
0,11,-6.02764368057251,-6.114605903625488
0,11,-5.112261772155762,-5.8803510665893555
0,11,7.608312129974365,6.747272491455078
0,11,-4.376933574676514,-4.5465898513793945
0,11,-20.13384246826172,-18.12220001220703
0,11,-5.4966888427734375,-4.951494216918945
0,11,24.87525177001953,24.386133193969727
0,11,-1.1751925945281982,-0.5710774660110474
1,0,-3.4866909980773926,-4.526515960693359
1,0,-0.5065094232559204,-1.5015689134597778
1,0,2.9900665283203125,1.8282859325408936
1,0,-1.407921552658081,-2.4661762714385986
1,0,7.899837970733643,7.275382995605469
1,0,-0.4609861373901367,-2.8896074295043945
1,0,3.3798141479492188,2.7160067558288574
1,0,4.526515960693359,3.4866909980773926
1,0,-5.054680824279785,-10.835210800170898
1,0,1.7455761432647705,-1.731959581375122
1,1,-1.1423454284667969,-2.161203384399414
1,1,9.620728492736816,5.4489336013793945
1,1,-1.541356086730957,-0.17228317260742188
1,1,-8.782276153564453,-9.956733703613281
1,1,-7.237226963043213,-7.87250280380249
1,1,9.254371643066406,10.489819526672363
1,1,2.4981255531311035,2.9320106506347656
1,1,2.161203384399414,1.1423454284667969
1,1,6.495041847229004,6.606497764587402
1,1,5.462960720062256,2.045022964477539
1,2,-0.4489560127258301,1.6728734970092773
1,2,-3.560208320617676,-3.705146312713623
1,2,-7.090247631072998,-4.566948890686035
1,2,0.053349971771240234,1.5191278457641602
1,2,-7.592891216278076,-7.220536231994629
1,2,-2.5212714672088623,-3.96972393989563
1,2,-11.063573837280273,-10.390779495239258
1,2,-1.6728734970092773,0.4489560127258301
1,2,-13.086167335510254,-12.106531143188477
1,2,6.7051191329956055,8.662565231323242
1,3,-12.414995193481445,-11.105060577392578
1,3,5.111910343170166,5.846546649932861
1,3,-7.994747638702393,-5.409162521362305
1,3,-7.269073963165283,-7.568075180053711
1,3,14.176560401916504,16.302715301513672
1,3,-2.47391414642334,-4.584836006164551
1,3,-1.6440403461456299,-2.3130314350128174
1,3,11.105060577392578,12.414995193481445
1,3,1.288123607635498,-0.7054848670959473
1,3,-1.3195865154266357,-0.47626686096191406
1,4,13.65288257598877,10.933515548706055
1,4,9.381195068359375,5.249889850616455
1,4,5.482950210571289,0.36077117919921875
1,4,0.7081494331359863,0.15940475463867188
1,4,-10.009148597717285,-13.21206283569336
1,4,-5.674437522888184,-7.077392101287842
1,4,-13.763904571533203,-14.094427108764648
1,4,-10.933515548706055,-13.65288257598877
1,4,15.090953826904297,15.001394271850586
1,4,-7.048444747924805,-6.919761657714844
1,5,-42.176876068115234,-34.42966079711914
1,5,31.725759506225586,35.509246826171875
1,5,13.150747299194336,12.240421295166016
1,5,-21.557010650634766,-19.00533103942871
1,5,-8.001861572265625,-4.82728385925293
1,5,-18.153942108154297,-16.15517234802246
1,5,-7.844731330871582,4.067502975463867
1,5,34.42966079711914,42.176876068115234
1,5,-1.5990991592407227,-0.9601812362670898
1,5,-35.78258514404297,-38.754791259765625
1,6,-0.9483127593994141,-7.675045013427734
1,6,-6.071798324584961,-15.967460632324219
1,6,-1.4609065055847168,-5.445587158203125
1,6,5.002927303314209,2.8383820056915283
1,6,1.064481496810913,1.0027275085449219
1,6,-8.230001449584961,-23.234235763549805
1,6,10.69900131225586,-3.962883949279785
1,6,7.675045013427734,0.9483127593994141
1,6,7.702243804931641,-1.2589302062988281
1,6,11.850509643554688,5.708430290222168
1,7,-1.412144660949707,-7.024959564208984
1,7,4.357037544250488,0.5811958312988281
1,7,-10.531353950500488,-14.672369956970215
1,7,-6.277555465698242,-8.874824523925781
1,7,11.16696548461914,6.954403400421143
1,7,19.22048568725586,22.77581787109375
1,7,-14.454452514648438,-16.18239402770996
1,7,7.024959564208984,1.412144660949707
1,7,6.942093372344971,-1.7497920989990234
1,7,3.6677663326263428,1.4615696668624878
1,8,16.168508529663086,17.095375061035156
1,8,8.149112701416016,9.474479675292969
1,8,36.800323486328125,30.536991119384766
1,8,33.271183013916016,37.96327590942383
1,8,12.113298416137695,14.380073547363281
1,8,-6.582653045654297,-0.38986778259277344
1,8,53.097816467285156,51.560081481933594
1,8,-17.095375061035156,-16.168508529663086
1,8,30.845985412597656,33.69790267944336
1,8,48.255889892578125,58.19342803955078
1,9,47.99001693725586,55.996952056884766
1,9,-27.89643096923828,-17.473369598388672
1,9,-21.74417495727539,-13.642273902893066
1,9,22.693500518798828,25.694381713867188
1,9,-30.206357955932617,-31.89818572998047
1,9,15.324568748474121,20.513931274414062
1,9,-31.45787811279297,-28.38985824584961
1,9,-55.996952056884766,-47.99001693725586
1,9,-3.8278160095214844,0.40796852111816406
1,9,-32.07850646972656,-27.65804100036621
1,10,0.2430887222290039,1.7052850723266602
1,10,1.7277531623840332,0.7669827938079834
1,10,-1.6954221725463867,1.300097942352295
1,10,5.882281303405762,5.483866214752197
1,10,0.23389673233032227,0.9662470817565918
1,10,10.621292114257812,15.494213104248047
1,10,-16.274375915527344,-12.097723007202148
1,10,-1.7052850723266602,-0.2430887222290039
1,10,-36.21198654174805,-30.653268814086914
1,10,4.209544658660889,3.728179454803467
1,11,32.895118713378906,29.498994827270508
1,11,-22.672286987304688,-22.760025024414062
1,11,-0.09263122081756592,-5.80214786529541
1,11,-8.336639404296875,-9.213224411010742
1,11,5.034824371337891,2.635258436203003
1,11,16.82115364074707,18.358203887939453
1,11,0.48406982421875,-3.404891014099121
1,11,-29.498994827270508,-32.895118713378906
1,11,23.47538948059082,19.288230895996094
1,11,-6.176989555358887,-13.956317901611328
2,0,3.0064191818237305,3.012737274169922
2,0,12.317831039428711,11.251025199890137
2,0,15.162947654724121,6.921448707580566
2,0,8.275589942932129,7.312469959259033
2,0,-8.61977767944336,-12.548192977905273
2,0,-5.7133331298828125,-6.4390106201171875
2,0,0.7594916820526123,-0.33619868755340576
2,0,-3.012737274169922,-3.0064191818237305
2,0,-1.3802785873413086,-4.4201202392578125
2,0,0.9959897994995117,-0.8954852819442749
2,1,11.789745330810547,7.870866775512695
2,1,-12.403571128845215,-13.023903846740723
2,1,22.236268997192383,8.450199127197266
2,1,8.553421974182129,5.640207290649414
2,1,-18.09741973876953,-27.281679153442383
2,1,-16.592985153198242,-30.685956954956055
2,1,21.6221923828125,13.086393356323242
2,1,-7.870866775512695,-11.789745330810547
2,1,-20.656774520874023,-26.22226333618164
2,1,16.193889617919922,15.362083435058594
2,2,-3.6051268577575684,-5.211119651794434
2,2,6.377281188964844,3.4281420707702637
2,2,6.506098747253418,4.507756233215332
2,2,0.14498162269592285,-0.4419053792953491
2,2,4.235132694244385,4.37445068359375
2,2,2.7711000442504883,1.3536080121994019
2,2,-2.3493432998657227,-3.051340341567993
2,2,5.211119651794434,3.6051268577575684
2,2,8.853010177612305,7.404593467712402
2,2,6.911194801330566,4.3409504890441895
2,3,1.6398625373840332,4.225205421447754
2,3,-6.860068321228027,-6.113130569458008
2,3,0.9668612480163574,1.2190260887145996
2,3,5.704132080078125,6.677696228027344
2,3,-5.8860063552856445,-8.458145141601562
2,3,-2.4447438716888428,-2.7307958602905273
2,3,13.229418754577637,13.385658264160156
2,3,-4.225205421447754,-1.6398625373840332
2,3,-0.027924060821533203,-2.6188998222351074
2,3,-0.10014152526855469,1.1160914897918701
2,4,5.917818069458008,4.304934024810791
2,4,-5.55142068862915,-9.711925506591797
2,4,5.775578498840332,1.5532821416854858
2,4,0.06145286560058594,-0.3085441589355469
2,4,-1.0600115060806274,-0.3670504093170166
2,4,-2.4168710708618164,-2.593245506286621
2,4,5.7220306396484375,5.139381408691406
2,4,-4.304934024810791,-5.917818069458008
2,4,1.6314952373504639,-2.888644218444824
2,4,-5.09780216217041,-10.672672271728516
2,5,-0.5732784271240234,-0.23670387268066406
2,5,10.910100936889648,9.232179641723633
2,5,-5.578404426574707,-2.611037254333496
2,5,-7.793421268463135,-7.844429016113281
2,5,0.6740093231201172,1.6793107986450195
2,5,4.450877666473389,7.1910200119018555
2,5,9.462446212768555,9.766834259033203
2,5,0.23670387268066406,0.5732784271240234
2,5,-4.651828289031982,-4.54600191116333
2,5,-5.31233549118042,-2.419572353363037
2,6,-1.3266384601593018,1.447007656097412
2,6,5.9776082038879395,7.242469310760498
2,6,-8.342723846435547,-2.630488395690918
2,6,-3.2254629135131836,-2.0782546997070312
2,6,4.631224632263184,6.328708171844482
2,6,-5.845731735229492,-6.769084930419922
2,6,8.979525566101074,7.954408645629883
2,6,-1.447007656097412,1.3266384601593018
2,6,4.843928337097168,6.321627616882324
2,6,9.603340148925781,8.460289001464844
2,7,1.4683971405029297,-0.4334239959716797
2,7,-2.420736312866211,-3.643807888031006
2,7,5.898150444030762,6.506071090698242
2,7,-1.0873663425445557,1.3032567501068115
2,7,4.18427848815918,4.808803558349609
2,7,1.4777860641479492,2.921901226043701
2,7,10.111265182495117,12.185462951660156
2,7,0.4334239959716797,-1.4683971405029297
2,7,-10.310388565063477,-9.476513862609863
2,7,-5.615832805633545,-2.8260772228240967
2,8,3.2968268394470215,0.10275202989578247
2,8,-1.424363136291504,-3.6897242069244385
2,8,3.550922393798828,3.8222665786743164
2,8,0.5169162750244141,0.47756338119506836
2,8,-1.2705912590026855,-3.7425599098205566
2,8,3.8136966228485107,5.834446430206299
2,8,0.2652425169944763,-0.05381584167480469
2,8,-0.10275202989578247,-3.2968268394470215
2,8,-4.4307098388671875,-4.508885383605957
2,8,-3.7708933353424072,-4.12503719329834
2,9,-2.82639741897583,-7.153005599975586
2,9,2.684236764907837,-1.005502462387085
2,9,-2.0970821380615234,-3.645097255706787
2,9,-2.121861696243286,-2.9994916915893555
2,9,0.8463976383209229,-1.6816413402557373
2,9,3.7919585704803467,3.0160248279571533
2,9,1.1541261672973633,-0.277789831161499
2,9,7.153005599975586,2.82639741897583
2,9,-0.14554858207702637,-1.201206922531128
2,9,1.1198441982269287,-1.0607764720916748
2,10,15.609662055969238,11.290844917297363
2,10,-5.244368553161621,-7.728588104248047
2,10,4.583733558654785,1.2308297157287598
2,10,-4.79655647277832,-4.599611282348633
2,10,-8.998899459838867,-12.494606971740723
2,10,-1.1072664260864258,-0.4869194030761719
2,10,0.05173301696777344,-0.36144161224365234
2,10,-11.290844917297363,-15.609662055969238
2,10,41.502140045166016,40.86040115356445
2,10,5.525221824645996,5.597722053527832
2,11,14.034948348999023,11.142145156860352
2,11,3.13071346282959,4.464257717132568
2,11,15.041423797607422,5.70850944519043
2,11,21.321887969970703,21.580787658691406
2,11,-13.885191917419434,-16.888490676879883
2,11,3.686933994293213,3.9240193367004395
2,11,4.571249008178711,2.7325820922851562
2,11,-11.142145156860352,-14.034948348999023
2,11,11.71218490600586,10.812007904052734
2,11,-16.555152893066406,-16.433856964111328
3,0,0.8969650268554688,-0.30443763732910156
3,0,-11.381828308105469,-15.25594425201416
3,0,-6.272472381591797,-4.248740196228027
3,0,6.586276531219482,6.304966926574707
3,0,10.296120643615723,11.407072067260742
3,0,-4.955504417419434,-10.825346946716309
3,0,23.99460220336914,16.102399826049805
3,0,0.30443763732910156,-0.8969650268554688
3,0,-11.8369722366333,-22.655860900878906
3,0,8.342037200927734,1.7986316680908203
3,1,-3.971795082092285,-0.2988225221633911
3,1,-1.6798542737960815,-3.617928981781006
3,1,-0.4899635314941406,4.1928229331970215
3,1,-3.0962581634521484,-3.2872867584228516
3,1,-0.1410064697265625,-0.43895435333251953
3,1,-9.416566848754883,-10.824606895446777
3,1,9.0936279296875,6.382194995880127
3,1,0.2988225221633911,3.971795082092285
3,1,2.557915210723877,1.9371490478515625
3,1,-6.466666221618652,-4.27149772644043
3,2,-8.294404983520508,-7.179964065551758
3,2,7.442758560180664,6.714046955108643
3,2,-7.160862922668457,-4.245781898498535
3,2,-3.638079881668091,-3.753138303756714
3,2,8.290685653686523,9.794997215270996
3,2,-0.5864839553833008,-1.2876180410385132
3,2,5.028993606567383,5.182288646697998
3,2,7.179964065551758,8.294404983520508
3,2,5.265101432800293,0.565742015838623
3,2,1.1201481819152832,0.08670616149902344
3,3,-1.6359126567840576,-2.447653293609619
3,3,-0.9103155136108398,-2.0273637771606445
3,3,11.654836654663086,6.478346347808838
3,3,2.3924238681793213,2.9297406673431396
3,3,-1.0759276151657104,-2.659247398376465
3,3,0.30288124084472656,-0.3025093078613281
3,3,-4.903326034545898,-6.801116943359375
3,3,2.447653293609619,1.6359126567840576
3,3,13.016464233398438,9.830798149108887
3,3,3.3654584884643555,4.043686866760254
3,4,10.424802780151367,4.484161376953125
3,4,2.2541637420654297,5.367152214050293
3,4,33.81793975830078,23.329763412475586
3,4,-13.743850708007812,-14.146505355834961
3,4,-12.305551528930664,-12.030811309814453
3,4,-7.351350784301758,-1.496490478515625
3,4,5.773920059204102,6.834883689880371
3,4,-4.484161376953125,-10.424802780151367
3,4,25.166725158691406,30.456953048706055
3,4,3.393387794494629,5.930319786071777
3,5,6.5447516441345215,6.611250877380371
3,5,-9.08700942993164,-9.83981704711914
3,5,-0.5171694755554199,6.76123571395874
3,5,-1.3198604583740234,2.362057685852051
3,5,-3.3142781257629395,-5.981016159057617
3,5,-1.9051856994628906,-4.686296463012695
3,5,5.688769340515137,4.864229679107666
3,5,-6.611250877380371,-6.5447516441345215
3,5,3.9222846031188965,0.8033270835876465
3,5,10.013229370117188,6.534473896026611
3,6,9.610312461853027,5.590155124664307
3,6,-4.366123199462891,-4.0014543533325195
3,6,-1.3762173652648926,-2.4885292053222656
3,6,6.45266056060791,5.366081237792969
3,6,-2.477475166320801,-2.093916654586792
3,6,2.448141574859619,1.3339592218399048
3,6,0.8939590454101562,0.11831235885620117
3,6,-5.590155124664307,-9.610312461853027
3,6,-11.808304786682129,-12.584964752197266
3,6,3.2660984992980957,-1.105283498764038
3,7,-2.5108702182769775,-4.118451118469238
3,7,4.5807108879089355,2.672128200531006
3,7,1.211804747581482,-1.1427298784255981
3,7,1.5860776901245117,2.1575517654418945
3,7,-0.5198155641555786,0.11428213119506836
3,7,-1.9319401979446411,-2.2053420543670654
3,7,-1.322205662727356,-2.824737548828125
3,7,4.118451118469238,2.5108702182769775
3,7,-2.111471652984619,-2.4885706901550293
3,7,3.7630293369293213,4.119389533996582
3,8,6.970409870147705,5.703731536865234
3,8,-9.289791107177734,-9.354606628417969
3,8,11.361209869384766,9.123116493225098
3,8,-5.108191967010498,-5.122052192687988
3,8,-7.126158237457275,-7.875147819519043
3,8,0.8303012847900391,3.173741340637207
3,8,7.792941093444824,9.30893611907959
3,8,-5.703731536865234,-6.970409870147705
3,8,19.031352996826172,18.654958724975586
3,8,-4.752239227294922,-7.191402435302734
3,9,5.923130035400391,6.0415120124816895
3,9,-8.937176704406738,-8.05859661102295
3,9,6.056842803955078,2.428537368774414
3,9,-0.8449687957763672,-0.15030932426452637
3,9,0.7243912220001221,-0.03802204132080078
3,9,0.14180636405944824,-2.2912917137145996
3,9,12.67300033569336,7.434739112854004
3,9,-6.0415120124816895,-5.923130035400391
3,9,-1.6869831085205078,0.09373736381530762
3,9,-5.96527099609375,-4.977978706359863
3,10,-2.233492851257324,-6.074700355529785
3,10,-6.9704270362854,-9.759700775146484
3,10,-10.118721008300781,-14.691855430603027
3,10,-7.020471572875977,-10.157072067260742
3,10,-2.2637157440185547,-6.89512825012207
3,10,-7.069208145141602,-5.1033830642700195
3,10,7.2126665115356445,4.2102203369140625
3,10,6.074700355529785,2.233492851257324
3,10,6.541749000549316,4.104988098144531
3,10,-21.048465728759766,-18.04302215576172
3,11,2.3341898918151855,-0.0344085693359375
3,11,-7.714825630187988,-6.1217145919799805
3,11,3.2485532760620117,1.437820315361023
3,11,2.8450660705566406,1.5299291610717773
3,11,0.8363259434700012,-2.2867207527160645
3,11,-1.0456219911575317,-2.7102315425872803
3,11,5.36453104019165,4.259293079376221
3,11,0.0344085693359375,-2.3341898918151855
3,11,-1.8330316543579102,-3.1522064208984375
3,11,5.166697025299072,4.99940824508667
4,0,-3.1815924644470215,-4.714216232299805
4,0,2.5079288482666016,-2.2792396545410156
4,0,-0.2586076259613037,2.3625919818878174
4,0,-7.974508285522461,-7.282876491546631
4,0,4.757866859436035,4.05698299407959
4,0,-1.6175698041915894,-0.5838753581047058
4,0,-1.3687164783477783,-2.2727699279785156
4,0,4.714216232299805,3.1815924644470215
4,0,-0.6937575340270996,-0.1847243309020996
4,0,1.4304916858673096,-1.2834088802337646
4,1,-4.621654510498047,-1.7089295387268066
4,1,0.15734148025512695,2.251250982284546
4,1,1.7399876117706299,2.026484966278076
4,1,-8.097175598144531,-8.62076187133789
4,1,-4.278471946716309,-4.61189079284668
4,1,-6.596731185913086,-6.155173301696777
4,1,15.476524353027344,13.61318302154541
4,1,1.7089295387268066,4.621654510498047
4,1,6.8389105796813965,3.0137431621551514
4,1,7.5118408203125,6.865153789520264
4,2,-4.489678382873535,0.42600440979003906
4,2,-16.075481414794922,-11.584419250488281
4,2,1.9053459167480469,8.363903045654297
4,2,0.1982135772705078,-3.6637496948242188
4,2,-6.291738510131836,-0.9569015502929688
4,2,5.843637466430664,4.149810791015625
4,2,-10.760858535766602,-10.614748001098633
4,2,-0.42600440979003906,4.489678382873535
4,2,29.753007888793945,27.82398223876953
4,2,-3.351949691772461,-5.001351356506348
4,3,-2.4803223609924316,-7.10181188583374
4,3,-0.04979926347732544,-2.967188596725464
4,3,0.5072875022888184,-0.6953749656677246
4,3,5.916757106781006,4.602203845977783
4,3,5.134204387664795,5.1452860832214355
4,3,-1.744513988494873,0.14459562301635742
4,3,-1.4373507499694824,-1.2491567134857178
4,3,7.10181188583374,2.4803223609924316
4,3,-7.604885578155518,-7.497851848602295
4,3,2.9709975719451904,-0.5086674094200134
4,4,16.057083129882812,29.153615951538086
4,4,4.682773113250732,4.368059158325195
4,4,17.57915687561035,15.05051040649414
4,4,6.294322967529297,8.051359176635742
4,4,-18.768138885498047,-17.205862045288086
4,4,-16.61605453491211,-22.36081314086914
4,4,8.093323707580566,8.69227409362793
4,4,-29.153615951538086,-16.057083129882812
4,4,1.5145339965820312,1.8569564819335938
4,4,-39.62445831298828,-41.3350944519043
4,5,1.1905622482299805,1.8716506958007812
4,5,-1.0033454895019531,-4.928596019744873
4,5,4.119330406188965,1.9393959045410156
4,5,10.08808422088623,11.53911018371582
4,5,1.9427075386047363,-0.5590763092041016
4,5,-1.1586289405822754,-6.465301513671875
4,5,20.564437866210938,15.544088363647461
4,5,-1.8716506958007812,-1.1905622482299805
4,5,-2.414900779724121,-2.636829137802124
4,5,6.244887828826904,3.9874589443206787
4,6,13.796707153320312,15.932487487792969
4,6,-0.572392463684082,-0.057817935943603516
4,6,10.172523498535156,6.518603801727295
4,6,-5.230250835418701,-3.8888673782348633
4,6,-5.599536895751953,-1.1147832870483398
4,6,-1.3481495380401611,-0.002536296844482422
4,6,-4.780285358428955,-0.5134487152099609
4,6,-15.932487487792969,-13.796707153320312
4,6,15.039081573486328,8.106019973754883
4,6,9.362993240356445,11.50627326965332
4,7,-27.770341873168945,-28.049922943115234
4,7,-5.106039047241211,-8.201061248779297
4,7,-19.24022102355957,-15.114534378051758
4,7,11.083698272705078,11.501347541809082
4,7,16.66556167602539,19.002965927124023
4,7,-8.485876083374023,-12.462904930114746
4,7,1.3415312767028809,1.7686493396759033
4,7,28.049922943115234,27.770341873168945
4,7,22.931358337402344,21.503286361694336
4,7,-1.5479297637939453,-4.131099224090576
4,8,-10.528219223022461,-16.28879737854004
4,8,-0.7835731506347656,-5.651738166809082
4,8,44.851863861083984,27.618562698364258
4,8,-4.795357704162598,-9.578495025634766
4,8,-0.004283905029296875,-1.926201343536377
4,8,-3.3291893005371094,-3.9260482788085938
4,8,29.05191421508789,31.90829086303711
4,8,16.28879737854004,10.528219223022461
4,8,16.15835952758789,3.1962575912475586
4,8,-6.068159103393555,-14.822198867797852
4,9,1.103100299835205,-0.39396190643310547
4,9,-4.304030418395996,-5.2981109619140625
4,9,6.1411542892456055,2.553645372390747
4,9,0.42545050382614136,0.3073258399963379
4,9,-8.107937812805176,-5.808849334716797
4,9,-4.070772647857666,-10.230155944824219
4,9,-3.038175582885742,-2.1709022521972656
4,9,0.39396190643310547,-1.103100299835205
4,9,-10.20973014831543,-13.380575180053711
4,9,-14.993523597717285,-13.434922218322754
4,10,2.959993362426758,15.28062915802002
4,10,-34.457374572753906,-18.915151596069336
4,10,-21.30694007873535,-4.7608842849731445
4,10,10.897897720336914,29.552894592285156
4,10,-2.7917346954345703,4.547022819519043
4,10,-2.708927631378174,4.1030473709106445
4,10,-1.3147830963134766,5.268455982208252
4,10,-15.28062915802002,-2.959993362426758
4,10,-14.682579040527344,9.846354484558105
4,10,-23.341018676757812,-12.876506805419922
4,11,-0.9127302169799805,-2.1329095363616943
4,11,0.337801456451416,0.2502042055130005
4,11,4.300845146179199,2.8209547996520996
4,11,-3.0519087314605713,-3.164132595062256
4,11,2.4380929470062256,2.819591522216797
4,11,-3.150940179824829,-4.470629692077637
4,11,3.1143436431884766,2.5051398277282715
4,11,2.1329095363616943,0.9127302169799805
4,11,2.3523879051208496,1.9838337898254395
4,11,2.1766161918640137,2.066842555999756
5,0,3.1865034103393555,0.700758695602417
5,0,-6.043325424194336,-9.957578659057617
5,0,0.31880998611450195,-4.836973667144775
5,0,19.702404022216797,19.87849998474121
5,0,13.576234817504883,8.932619094848633
5,0,2.755406379699707,7.762006759643555
5,0,-0.7106971740722656,-1.4649076461791992
5,0,-0.700758695602417,-3.1865034103393555
5,0,8.735137939453125,10.322246551513672
5,0,6.605052947998047,3.546794891357422
5,1,14.248592376708984,11.174304962158203
5,1,-16.410751342773438,-16.57262420654297
5,1,14.091829299926758,7.915676116943359
5,1,-0.9340939521789551,-2.1952333450317383
5,1,-1.3122949600219727,-7.913210868835449
5,1,-7.795649528503418,-10.953499794006348
5,1,11.527327537536621,9.286886215209961
5,1,-11.174304962158203,-14.248592376708984
5,1,-12.128637313842773,-18.645444869995117
5,1,3.2092971801757812,3.901794910430908
5,2,-4.5326032638549805,-5.822083473205566
5,2,8.998350143432617,6.00554895401001
5,2,-6.798201560974121,-5.262562274932861
5,2,3.323428153991699,1.7590126991271973
5,2,-0.5887346267700195,-1.330099105834961
5,2,-2.9528706073760986,-8.23099136352539
5,2,0.13428401947021484,-4.307064056396484
5,2,5.822083473205566,4.5326032638549805
5,2,11.672700881958008,8.649686813354492
5,2,1.6757924556732178,-4.663736820220947
5,3,11.564179420471191,6.483607292175293
5,3,6.887669563293457,4.5983052253723145
5,3,20.555171966552734,14.056571960449219
5,3,-1.50164794921875,-0.4003486633300781
5,3,-5.79202938079834,-8.156444549560547
5,3,-7.024482727050781,-12.442601203918457
5,3,-3.9403491020202637,-7.528336524963379
5,3,-6.483607292175293,-11.564179420471191
5,3,-10.420729637145996,-10.607097625732422
5,3,0.5863211154937744,3.1220388412475586
5,4,-0.45553064346313477,-1.0783390998840332
5,4,7.311982154846191,7.63573694229126
5,4,3.3704323768615723,3.611332893371582
5,4,-5.813226222991943,-5.4635467529296875
5,4,-0.4960799217224121,1.74440336227417
5,4,0.7509002685546875,2.009744644165039
5,4,4.715999603271484,5.363846778869629
5,4,1.0783390998840332,0.45553064346313477
5,4,10.778504371643066,4.702672481536865
5,4,-1.3764820098876953,-6.1176605224609375
5,5,0.9368916749954224,0.7179323434829712
5,5,3.8608880043029785,4.2515692710876465
5,5,-9.539667129516602,-7.063628196716309
5,5,4.598610877990723,2.5758111476898193
5,5,2.738037586212158,2.422179937362671
5,5,-0.5644645690917969,-7.510482311248779
5,5,1.6935195922851562,-2.8151695728302
5,5,-0.7179323434829712,-0.9368916749954224
5,5,0.6622142791748047,-4.528282165527344
5,5,-10.966920852661133,-14.85466194152832
5,6,-10.68343734741211,-10.806119918823242
5,6,7.8674821853637695,7.226578712463379
5,6,3.938492774963379,0.5608916282653809
5,6,1.0095388889312744,2.4551188945770264
5,6,6.832291603088379,5.5281171798706055
5,6,6.527671813964844,6.92401123046875
5,6,4.770751476287842,4.583245277404785
5,6,10.806119918823242,10.68343734741211
5,6,4.959735870361328,3.0932626724243164
5,6,5.9012651443481445,4.311913013458252
5,7,-0.9799599647521973,-6.528675556182861
5,7,-6.927613735198975,-15.766932487487793
5,7,-4.003439903259277,-3.6501083374023438
5,7,-1.0382136106491089,-4.430752754211426
5,7,2.018782138824463,-1.2195391654968262
5,7,-7.2846879959106445,-11.732744216918945
5,7,10.082771301269531,4.001986503601074
5,7,6.528675556182861,0.9799599647521973
5,7,8.579432487487793,8.990584373474121
5,7,-0.3304625153541565,-4.259395599365234
5,8,-24.703163146972656,-21.96601104736328
5,8,22.28554916381836,18.94297981262207
5,8,3.6092920303344727,3.011441230773926
5,8,3.3776025772094727,1.2986592054367065
5,8,8.139549255371094,6.548440456390381
5,8,-2.0779993534088135,0.2685403823852539
5,8,26.178478240966797,26.546573638916016
5,8,21.96601104736328,24.703163146972656
5,8,-6.162509441375732,-10.308900833129883
5,8,-6.52067756652832,-3.580284357070923
5,9,3.8408899307250977,4.522696495056152
5,9,-0.6796817779541016,-5.888049125671387
5,9,18.55820083618164,22.2347412109375
5,9,3.2848281860351562,9.710071563720703
5,9,9.01085376739502,9.042015075683594
5,9,0.19639968872070312,15.011411666870117
5,9,-4.93418025970459,0.24668526649475098
5,9,-4.522696495056152,-3.8408899307250977
5,9,8.345721244812012,8.881019592285156
5,9,6.666845321655273,11.307452201843262
5,10,-12.218774795532227,-17.539979934692383
5,10,3.1998348236083984,1.27392578125
5,10,-16.06739616394043,-20.71855926513672
5,10,-0.5598942041397095,-5.4011664390563965
5,10,3.2332849502563477,-0.7066528797149658
5,10,-2.003917932510376,-28.165992736816406
5,10,14.066681861877441,-1.1068086624145508
5,10,17.539979934692383,12.218774795532227
5,10,10.642390251159668,4.041943550109863
5,10,-7.776596546173096,-18.664960861206055
5,11,1.7060089111328125,11.614913940429688
5,11,-34.37017822265625,-21.871238708496094
5,11,-24.520645141601562,2.16119384765625
5,11,12.970207214355469,27.44249725341797
5,11,-1.7924270629882812,5.490688323974609
5,11,22.79677963256836,52.61237335205078
5,11,-3.5626487731933594,23.700132369995117
5,11,-11.614913940429688,-1.7060089111328125
5,11,-17.6844482421875,-9.747077941894531
5,11,-54.80093002319336,-31.13425064086914
6,0,20.422210693359375,16.526256561279297
6,0,-18.363624572753906,-18.5755672454834
6,0,2.781388759613037,0.8368384838104248
6,0,2.1442153453826904,2.5967488288879395
6,0,-1.396242618560791,-7.792703151702881
6,0,-5.793391227722168,-7.572696685791016
6,0,5.573884963989258,-4.114920616149902
6,0,-16.526256561279297,-20.422210693359375
6,0,-4.888397216796875,-3.7400426864624023
6,0,6.093317985534668,5.104355812072754
6,1,-2.9804859161376953,-2.6329801082611084
6,1,2.3076655864715576,2.4194507598876953
6,1,-3.9538936614990234,-3.2385177612304688
6,1,-1.7883086204528809,-2.8344812393188477
6,1,0.18230485916137695,1.3891410827636719
6,1,0.07495379447937012,-6.363964080810547
6,1,6.021104335784912,4.696420669555664
6,1,2.6329801082611084,2.9804859161376953
6,1,2.423243522644043,-3.213062286376953
6,1,9.332855224609375,2.0288000106811523
6,2,9.660804748535156,12.324501037597656
6,2,26.70961570739746,31.5246639251709
6,2,7.866447448730469,-0.7228813171386719
6,2,-17.94232177734375,-6.592964172363281
6,2,-9.419349670410156,-4.265110015869141
6,2,-4.722332000732422,-1.9910449981689453
6,2,-22.424190521240234,-10.48563003540039
6,2,-12.324501037597656,-9.660804748535156
6,2,6.577101230621338,26.243907928466797
6,2,14.859795570373535,22.84024429321289
6,3,-17.670034408569336,-17.41685676574707
6,3,5.632455825805664,3.6396665573120117
6,3,-14.977607727050781,-11.889144897460938
6,3,-3.6286678314208984,-7.572663307189941
6,3,-1.2549386024475098,0.18248844146728516
6,3,3.469524383544922,-3.2165088653564453
6,3,18.11583137512207,14.666585922241211
6,3,17.41685676574707,17.670034408569336
6,3,-8.595076560974121,-23.137285232543945
6,3,3.892331838607788,2.767759084701538
6,4,-17.052825927734375,-31.651100158691406
6,4,10.308176040649414,-6.633272171020508
6,4,13.300858497619629,3.514434337615967
6,4,9.872373580932617,5.302907466888428
6,4,11.68392562866211,2.2031044960021973
6,4,3.1702566146850586,-20.158872604370117
6,4,13.525830268859863,-7.501609802246094
6,4,31.651100158691406,17.052825927734375
6,4,10.582976341247559,-12.470179557800293
6,4,7.8852763175964355,-3.170532703399658
6,5,7.343861103057861,7.452618598937988
6,5,-4.153362274169922,-2.405907154083252
6,5,4.682526111602783,-1.4778587818145752
6,5,-5.420991897583008,-4.772533416748047
6,5,-1.436833143234253,2.088778018951416
6,5,-0.01871013641357422,-0.8467130661010742
6,5,-9.848130226135254,-12.785310745239258
6,5,-7.452618598937988,-7.343861103057861
6,5,12.349204063415527,20.098003387451172
6,5,3.9499168395996094,2.216421127319336
6,6,10.821497917175293,16.3314208984375
6,6,-8.571555137634277,-0.039768218994140625
6,6,-6.484165191650391,-0.7356281280517578
6,6,-21.73880386352539,-12.314362525939941
6,6,-22.827192306518555,-19.1309757232666
6,6,7.548370361328125,18.582469940185547
6,6,-13.235237121582031,3.299100875854492
6,6,-16.3314208984375,-10.821497917175293
6,6,-7.412454605102539,-19.206295013427734
6,6,-27.84640884399414,-21.18480110168457
6,7,-4.293782711029053,-4.775118827819824
6,7,9.262496948242188,3.607595920562744
6,7,4.562050819396973,3.561068534851074
6,7,1.5256767272949219,-0.9652442932128906
6,7,2.6558141708374023,-0.6263470649719238
6,7,-5.302809715270996,-13.796636581420898
6,7,1.2412137985229492,-4.888664722442627
6,7,4.775118827819824,4.293782711029053
6,7,20.670198440551758,12.442132949829102
6,7,-7.780208110809326,-15.179245948791504
6,8,-11.430545806884766,-14.496376037597656
6,8,7.5457353591918945,4.850264549255371
6,8,-5.072526454925537,-5.0529255867004395
6,8,4.676952362060547,5.481066703796387
6,8,3.630629539489746,3.0286149978637695
6,8,2.093730926513672,2.291388511657715
6,8,4.698336601257324,8.865649223327637
6,8,14.496376037597656,11.430545806884766
6,8,7.954023361206055,2.074795722961426
6,8,-5.94228982925415,-10.61398983001709
6,9,7.817506313323975,7.978691101074219
6,9,1.973971962928772,-0.25399458408355713
6,9,7.974135875701904,2.4443325996398926
6,9,5.828803539276123,3.5991287231445312
6,9,1.2268781661987305,-4.158716201782227
6,9,3.6180076599121094,4.838823318481445
6,9,-7.526148319244385,-10.967562675476074
6,9,-7.978691101074219,-7.817506313323975
6,9,3.3204846382141113,12.204935073852539
6,9,-11.620695114135742,-9.299802780151367
6,10,13.670072555541992,16.465442657470703
6,10,-2.6360015869140625,-5.939517021179199
6,10,12.652304649353027,24.62723731994629
6,10,13.270003318786621,9.661867141723633
6,10,-4.226627349853516,-1.774454116821289
6,10,24.45001983642578,32.98467254638672
6,10,-3.354090690612793,5.715167999267578
6,10,-16.465442657470703,-13.670072555541992
6,10,-5.414884090423584,-3.659834861755371
6,10,16.935951232910156,11.587875366210938
6,11,-7.7757978439331055,-7.38624382019043
6,11,2.0121331214904785,2.46854829788208
6,11,2.0484113693237305,3.592602014541626
6,11,2.2629690170288086,1.4681859016418457
6,11,4.719715118408203,4.022164344787598
6,11,6.440974235534668,9.229850769042969
6,11,1.976616382598877,0.5794057846069336
6,11,7.38624382019043,7.7757978439331055
6,11,14.990558624267578,8.072402954101562
6,11,0.7026858329772949,2.6098227500915527
7,0,-1.5238128900527954,-4.0178375244140625
7,0,0.07849931716918945,-4.085835933685303
7,0,-2.1232757568359375,-2.8268566131591797
7,0,-6.2032012939453125,-6.855607986450195
7,0,10.875402450561523,7.382713317871094
7,0,4.284852981567383,3.8702235221862793
7,0,4.371309757232666,3.3949947357177734
7,0,4.0178375244140625,1.5238128900527954
7,0,0.5688953399658203,-4.027137279510498
7,0,1.627570629119873,-6.835460186004639
7,1,-14.793966293334961,-20.23497772216797
7,1,24.322063446044922,11.433972358703613
7,1,-3.4373927116394043,-3.6901965141296387
7,1,6.684958457946777,2.6253175735473633
7,1,8.942164421081543,6.035074234008789
7,1,14.804184913635254,-3.3514184951782227
7,1,3.4813232421875,-12.01540756225586
7,1,20.23497772216797,14.793966293334961
7,1,-1.6377463340759277,-16.735185623168945
7,1,-0.35636472702026367,-10.373461723327637
7,2,2.6537742614746094,7.400632858276367
7,2,4.6839494705200195,2.266134262084961
7,2,10.496273040771484,5.519951343536377
7,2,3.95786452293396,1.0086264610290527
7,2,-5.218645095825195,-6.669955253601074
7,2,-14.26341438293457,-19.10301971435547
7,2,4.019573211669922,5.652996063232422
7,2,-7.400632858276367,-2.6537742614746094
7,2,-0.3058195114135742,-4.073159694671631
7,2,14.314029693603516,17.70907211303711
7,3,16.014005661010742,16.73921775817871
7,3,-19.205337524414062,-17.095386505126953
7,3,-4.848647594451904,0.7345890998840332
7,3,3.7340493202209473,6.481546401977539
7,3,-1.4789705276489258,-1.2153310775756836
7,3,15.44688892364502,16.182205200195312
7,3,15.60482406616211,10.073112487792969
7,3,-16.73921775817871,-16.014005661010742
7,3,0.2197427749633789,10.902971267700195
7,3,-13.506114959716797,-7.8567609786987305
7,4,12.734600067138672,12.410110473632812
7,4,-15.192832946777344,-6.794076919555664
7,4,5.19964599609375,1.9632530212402344
7,4,-3.72622013092041,-0.35550975799560547
7,4,-4.210324287414551,-2.702199935913086
7,4,14.808502197265625,10.85071849822998
7,4,-7.053763389587402,-15.609328269958496
7,4,-12.410110473632812,-12.734600067138672
7,4,8.74093246459961,-3.509709119796753
7,4,-9.353498458862305,-11.186368942260742
7,5,-16.046180725097656,-16.970252990722656
7,5,2.214406967163086,3.218158721923828
7,5,-3.0169849395751953,-0.8387484550476074
7,5,5.473444938659668,3.587759017944336
7,5,-5.299651145935059,-4.855186462402344
7,5,-6.561944007873535,-14.820246696472168
7,5,17.33856964111328,9.733438491821289
7,5,16.970252990722656,16.046180725097656
7,5,-4.802736282348633,-11.943300247192383
7,5,2.771946430206299,6.652500152587891
7,6,-15.227471351623535,-13.924467086791992
7,6,-1.825483798980713,-7.346142768859863
7,6,15.431068420410156,22.731592178344727
7,6,3.7456092834472656,7.5803680419921875
7,6,16.39033317565918,10.1046142578125
7,6,-34.18450927734375,-46.476158142089844
7,6,-4.029224395751953,-0.48264503479003906
7,6,13.924467086791992,15.227471351623535
7,6,42.3824462890625,48.45186233520508
7,6,-12.61282730102539,-7.896354675292969
7,7,-2.305767059326172,-4.2852888107299805
7,7,-22.150970458984375,-25.78673553466797
7,7,-15.01599407196045,-9.865387916564941
7,7,5.160830497741699,1.780576229095459
7,7,13.464239120483398,13.8396635055542
7,7,-3.480886459350586,-3.1312923431396484
7,7,3.367826461791992,-8.365150451660156
7,7,4.2852888107299805,2.305767059326172
7,7,12.050722122192383,10.185467720031738
7,7,-13.29061508178711,-14.420085906982422
7,8,5.516387939453125,-2.8032774925231934
7,8,-5.173276901245117,-10.323768615722656
7,8,3.443760395050049,-0.3931952714920044
7,8,5.254373073577881,2.7111263275146484
7,8,-5.634787082672119,-8.367384910583496
7,8,-7.289318084716797,-14.878690719604492
7,8,13.17496395111084,4.825913906097412
7,8,2.8032774925231934,-5.516387939453125
7,8,0.07643389701843262,-9.868885040283203
7,8,-5.304643630981445,-6.213814735412598
7,9,0.7928342819213867,-8.130788803100586
7,9,10.335709571838379,4.079329013824463
7,9,-0.9929394721984863,-8.821070671081543
7,9,6.932697296142578,4.779292583465576
7,9,-1.1858367919921875,-3.1114091873168945
7,9,-0.974097728729248,-2.943894386291504
7,9,4.702796936035156,-2.782743453979492
7,9,8.130788803100586,-0.7928342819213867
7,9,-7.995042324066162,-8.353941917419434
7,9,12.166610717773438,15.216922760009766
7,10,4.236812591552734,0.48084378242492676
7,10,4.183750152587891,1.1591205596923828
7,10,8.063743591308594,5.706400394439697
7,10,9.390083312988281,5.96286678314209
7,10,-1.1081418991088867,-8.721976280212402
7,10,6.824389457702637,11.643860816955566
7,10,-0.2538480758666992,-5.65767240524292
7,10,-0.48084378242492676,-4.236812591552734
7,10,12.730539321899414,-2.0568723678588867
7,10,1.9167274236679077,0.8794329166412354
7,11,-4.626739501953125,1.2003202438354492
7,11,24.909732818603516,25.138011932373047
7,11,2.5296802520751953,1.5922293663024902
7,11,3.0863425731658936,2.090895175933838
7,11,-9.023176193237305,-7.318135738372803
7,11,-1.4262934923171997,-3.2752223014831543
7,11,-1.6701068878173828,-1.9199467897415161
7,11,-1.2003202438354492,4.626739501953125
7,11,0.1783905029296875,-2.6327247619628906
7,11,-3.139616012573242,-3.1451003551483154
8,0,-36.972389221191406,-36.72372055053711
8,0,18.773555755615234,28.76089096069336
8,0,-51.72248077392578,-29.960176467895508
8,0,14.785813331604004,16.620710372924805
8,0,44.69072723388672,51.45016098022461
8,0,14.28066635131836,33.8831787109375
8,0,6.393150329589844,14.342620849609375
8,0,36.72372055053711,36.972389221191406
8,0,-4.719310760498047,0.29010772705078125
8,0,-17.948497772216797,-9.836366653442383
8,1,0.13648176193237305,5.621845245361328
8,1,-7.027204513549805,-3.0811829566955566
8,1,-3.0775513648986816,-1.2000417709350586
8,1,0.6327934265136719,-0.2172689437866211
8,1,20.587268829345703,21.2960205078125
8,1,6.333674430847168,11.178342819213867
8,1,-8.917312622070312,-7.697864532470703
8,1,-5.621845245361328,-0.13648176193237305
8,1,-10.894845008850098,-14.69798755645752
8,1,-6.732791423797607,-2.866346836090088
8,2,12.670597076416016,6.288309097290039
8,2,-13.038911819458008,-17.606962203979492
8,2,33.187904357910156,12.178535461425781
8,2,15.810381889343262,13.184054374694824
8,2,-22.207542419433594,-23.025779724121094
8,2,-24.93108367919922,-31.67044448852539
8,2,23.15509605407715,21.2310733795166
8,2,-6.288309097290039,-12.670597076416016
8,2,60.91645812988281,55.710506439208984
8,2,4.467231750488281,3.5169501304626465
8,3,2.428144931793213,6.912863731384277
8,3,2.919135093688965,1.1926007270812988
8,3,13.082923889160156,2.6542301177978516
8,3,-4.21502161026001,-5.870944976806641
8,3,-6.313825607299805,-12.241607666015625
8,3,5.201749801635742,4.614837646484375
8,3,-11.861738204956055,-8.641142845153809
8,3,-6.912863731384277,-2.428144931793213
8,3,13.493307113647461,11.890546798706055
8,3,-6.667343616485596,-6.951353073120117
8,4,-5.225168704986572,-8.963481903076172
8,4,1.0277099609375,-7.352449893951416
8,4,3.7308712005615234,-1.1122748851776123
8,4,3.082948684692383,4.378960609436035
8,4,-3.685408592224121,-6.3170270919799805
8,4,-1.0459785461425781,-9.174072265625
8,4,12.52835464477539,9.256181716918945
8,4,8.963481903076172,5.225168704986572
8,4,3.3640599250793457,-2.376715660095215
8,4,8.530946731567383,3.7950797080993652
8,5,8.177312850952148,8.9174222946167
8,5,-10.270966529846191,-15.334762573242188
8,5,7.0618672370910645,8.204235076904297
8,5,10.825804710388184,14.522054672241211
8,5,-4.96397590637207,-1.500370740890503
8,5,-6.9856085777282715,-15.433128356933594
8,5,23.271282196044922,13.312793731689453
8,5,-8.9174222946167,-8.177312850952148
8,5,3.577800750732422,0.3151533603668213
8,5,-5.323023796081543,-10.246895790100098
8,6,11.39715576171875,7.35304069519043
8,6,-11.88812255859375,-6.811045169830322
8,6,10.812164306640625,3.9494147300720215
8,6,6.664556503295898,4.46302604675293
8,6,-0.5424354076385498,0.1193995475769043
8,6,-21.403682708740234,-32.574737548828125
8,6,15.425907135009766,13.496026992797852
8,6,-7.35304069519043,-11.39715576171875
8,6,-5.449678421020508,-15.146822929382324
8,6,-8.952718734741211,-9.647247314453125
8,7,-5.027374267578125,-7.556318759918213
8,7,17.17755126953125,11.964058876037598
8,7,-0.10160207748413086,-4.813323020935059
8,7,-3.3847522735595703,-3.8775157928466797
8,7,2.9094865322113037,-0.6848196983337402
8,7,7.946388244628906,8.52379035949707
8,7,1.306863784790039,2.19783878326416
8,7,7.556318759918213,5.027374267578125
8,7,12.53188705444336,10.171613693237305
8,7,6.8481831550598145,6.718846321105957
8,8,3.884605646133423,-3.4481706619262695
8,8,3.2918500900268555,-18.395009994506836
8,8,2.121476411819458,-6.850894927978516
8,8,3.9054205417633057,3.9663896560668945
8,8,-1.739823341369629,-3.8250644207000732
8,8,13.415828704833984,1.2026262283325195
8,8,6.304654121398926,-8.945940017700195
8,8,3.4481706619262695,-3.884605646133423
8,8,6.950027942657471,-4.3273515701293945
8,8,-7.347299098968506,-18.19891357421875
8,9,15.60293197631836,13.98729419708252
8,9,-10.006336212158203,-22.073833465576172
8,9,-7.052789688110352,1.7077422142028809
8,9,6.514347553253174,7.882181167602539
8,9,-6.368278503417969,0.3911600112915039
8,9,1.2487967014312744,-5.670950889587402
8,9,12.04761791229248,-5.292679786682129
8,9,-13.98729419708252,-15.60293197631836
8,9,23.297086715698242,30.16796875
8,9,11.16012954711914,15.366568565368652
8,10,-19.544103622436523,-20.263429641723633
8,10,24.696069717407227,31.30829429626465
8,10,-2.4561262130737305,12.227972030639648
8,10,-16.07122230529785,-11.146293640136719
8,10,3.2308473587036133,6.185751438140869
8,10,-3.450815200805664,16.99855613708496
8,10,-27.18588638305664,-8.400737762451172
8,10,20.263429641723633,19.544103622436523
8,10,21.94791030883789,28.831157684326172
8,10,-12.719338417053223,-5.1702117919921875
8,11,1.437347412109375,-10.243106842041016
8,11,11.641510009765625,4.645727634429932
8,11,13.013023376464844,-4.802881717681885
8,11,-4.982641220092773,-17.597949981689453
8,11,4.8194580078125,-4.505437850952148
8,11,7.059948444366455,-8.930587768554688
8,11,6.080269813537598,-16.852123260498047
8,11,10.243106842041016,-1.437347412109375
8,11,11.581620216369629,-14.968978881835938
8,11,5.511241912841797,-10.621935844421387
9,0,21.352148056030273,10.10025405883789
9,0,2.3320865631103516,-4.067447662353516
9,0,20.842941284179688,5.58027458190918
9,0,-11.141101837158203,-20.05314826965332
9,0,0.8813190460205078,-1.2024955749511719
9,0,23.40334701538086,-8.291984558105469
9,0,23.524513244628906,-36.730159759521484
9,0,-10.10025405883789,-21.352148056030273
9,0,33.9000129699707,15.537090301513672
9,0,29.72263526916504,6.418201446533203
9,1,-10.762216567993164,-6.704427719116211
9,1,-10.423206329345703,-8.600330352783203
9,1,-1.4164466857910156,12.607372283935547
9,1,-22.965904235839844,-26.168291091918945
9,1,35.67205810546875,26.89793586730957
9,1,-17.07460594177246,-36.419044494628906
9,1,9.809178352355957,7.885451793670654
9,1,6.704427719116211,10.762216567993164
9,1,-51.618133544921875,-15.658958435058594
9,1,14.939352035522461,8.342905044555664
9,2,-25.600900650024414,-32.167659759521484
9,2,33.8063850402832,12.202142715454102
9,2,-2.2759757041931152,-8.65298080444336
9,2,3.6682662963867188,-1.0534486770629883
9,2,15.294347763061523,8.720968246459961
9,2,-3.59226655960083,-25.5875301361084
9,2,34.80295181274414,8.419419288635254
9,2,32.167659759521484,25.600900650024414
9,2,24.408493041992188,14.552338600158691
9,2,5.542829513549805,-5.199283123016357
9,3,-16.178428649902344,-20.777263641357422
9,3,2.558885097503662,-3.3892502784729004
9,3,-7.518560409545898,-14.355879783630371
9,3,0.9212639331817627,0.6620590686798096
9,3,15.566396713256836,14.364117622375488
9,3,22.63643455505371,26.392780303955078
9,3,16.605224609375,14.291877746582031
9,3,20.777263641357422,16.178428649902344
9,3,33.01797103881836,25.997024536132812
9,3,-41.136566162109375,-46.154754638671875
9,4,-2.7563657760620117,-12.129630088806152
9,4,-15.88248062133789,-10.51279067993164
9,4,19.86614990234375,13.681753158569336
9,4,10.922196388244629,9.979934692382812
9,4,-7.223890781402588,-3.6527042388916016
9,4,3.722622871398926,15.890209197998047
9,4,-40.84727478027344,-19.837814331054688
9,4,12.129630088806152,2.7563657760620117
9,4,0.2234182357788086,-8.010164260864258
9,4,-28.819358825683594,-28.62228012084961
9,5,-78.74048614501953,-54.357177734375
9,5,-3.8358821868896484,31.64633560180664
9,5,-40.01741027832031,-9.548493385314941
9,5,-4.185968399047852,12.472299575805664
9,5,10.884344100952148,25.53814125061035
9,5,7.161687850952148,47.00797653198242
9,5,-38.528892517089844,7.676692962646484
9,5,54.357177734375,78.74048614501953
9,5,10.225177764892578,18.368349075317383
9,5,-41.103919982910156,-19.147098541259766
9,6,-2.1656928062438965,-7.736011028289795
9,6,14.741384506225586,11.547152519226074
9,6,10.559176445007324,-10.262060165405273
9,6,23.91429901123047,16.22049331665039
9,6,12.762394905090332,0.6893072128295898
9,6,-4.864721298217773,-14.446557998657227
9,6,35.67797088623047,15.504396438598633
9,6,7.736011028289795,2.1656928062438965
9,6,-4.276915550231934,-44.01240539550781
9,6,-15.570213317871094,-30.89550018310547
9,7,-13.53969669342041,-34.77747344970703
9,7,3.722805976867676,0.3285369873046875
9,7,-40.193756103515625,-23.154708862304688
9,7,3.5343570709228516,14.282188415527344
9,7,-12.123506546020508,-10.013378143310547
9,7,11.866317749023438,12.212514877319336
9,7,-11.424664497375488,-0.20990657806396484
9,7,34.77747344970703,13.53969669342041
9,7,-52.20103073120117,-33.60544204711914
9,7,-12.767541885375977,-6.46232795715332
9,8,35.948150634765625,-5.496511459350586
9,8,10.06454849243164,-43.88702392578125
9,8,51.86389923095703,1.3825626373291016
9,8,33.5827751159668,-3.583397388458252
9,8,6.052872657775879,-20.254405975341797
9,8,32.25532531738281,9.556299209594727
9,8,-1.8914470672607422,-30.014211654663086
9,8,5.496511459350586,-35.948150634765625
9,8,52.30133819580078,-15.850227355957031
9,8,-4.471136093139648,-31.51171875
9,9,31.24618911743164,32.03266525268555
9,9,-6.932197570800781,-21.27130126953125
9,9,32.44818878173828,15.378406524658203
9,9,22.014394760131836,20.55990982055664
9,9,-28.718875885009766,-26.788652420043945
9,9,12.278712272644043,20.95323944091797
9,9,-15.431157112121582,-26.885515213012695
9,9,-32.03266525268555,-31.24618911743164
9,9,14.07728385925293,10.914216041564941
9,9,-2.582052230834961,-6.374662399291992
9,10,13.297483444213867,9.246515274047852
9,10,2.3639118671417236,-7.473090171813965
9,10,7.454733848571777,-2.281531810760498
9,10,9.619977951049805,12.071701049804688
9,10,-11.108421325683594,-5.919733047485352
9,10,10.243866920471191,8.502473831176758
9,10,9.297894477844238,2.9370856285095215
9,10,-9.246515274047852,-13.297483444213867
9,10,-3.4393231868743896,-7.093008995056152
9,10,2.164457321166992,5.180490493774414
9,11,17.243104934692383,31.543415069580078
9,11,-4.279762268066406,5.746023178100586
9,11,-9.499703407287598,-12.312728881835938
9,11,-25.048503875732422,-27.787994384765625
9,11,0.6679897308349609,1.9752826690673828
9,11,-2.5242462158203125,-3.124042510986328
9,11,12.310009002685547,6.14739990234375
9,11,-31.543415069580078,-17.243104934692383
9,11,22.99732780456543,26.69443702697754
9,11,4.461583137512207,2.6122641563415527
10,0,12.372447967529297,-21.667327880859375
10,0,31.048500061035156,-19.343414306640625
10,0,45.877662658691406,-15.821348190307617
10,0,44.7645263671875,-15.272013664245605
10,0,3.9287357330322266,-21.331809997558594
10,0,18.082969665527344,-45.038822174072266
10,0,70.36788177490234,-29.90726661682129
10,0,21.667327880859375,-12.372447967529297
10,0,79.01078033447266,3.9939937591552734
10,0,37.08129119873047,-26.805532455444336
10,1,14.901844024658203,5.055624961853027
10,1,25.15118408203125,9.752991676330566
10,1,10.781238555908203,6.805061340332031
10,1,0.1594257354736328,6.063962936401367
10,1,-10.892637252807617,-14.421100616455078
10,1,9.851972579956055,10.172731399536133
10,1,13.159500122070312,2.637238025665283
10,1,-5.055624961853027,-14.901844024658203
10,1,-0.08492851257324219,-29.741119384765625
10,1,-20.50374984741211,-22.859743118286133
10,2,-2.4505748748779297,-4.349710464477539
10,2,-20.590389251708984,-29.772541046142578
10,2,-15.530588150024414,-29.96550750732422
10,2,6.92830753326416,-3.1940793991088867
10,2,-8.073296546936035,-8.245561599731445
10,2,-4.456315040588379,-3.787684440612793
10,2,2.5266547203063965,-13.623076438903809
10,2,4.349710464477539,2.4505748748779297
10,2,-16.229045867919922,-27.1176700592041
10,2,-1.5800285339355469,-3.9927260875701904
10,3,7.882208824157715,2.839156150817871
10,3,-6.194768905639648,-13.960952758789062
10,3,7.377077102661133,-0.781158447265625
10,3,-0.7128410339355469,-2.4379100799560547
10,3,-11.14456558227539,-20.864166259765625
10,3,33.883697509765625,37.84449768066406
10,3,-29.36481475830078,-31.939533233642578
10,3,-2.839156150817871,-7.882208824157715
10,3,12.083539009094238,-2.225475311279297
10,3,20.551719665527344,13.745086669921875
10,4,-79.6421127319336,-78.37631225585938
10,4,-15.547805786132812,-23.304332733154297
10,4,-83.75519561767578,-70.39694213867188
10,4,21.655601501464844,24.344009399414062
10,4,35.833534240722656,41.88532257080078
10,4,-34.67890548706055,-48.1771240234375
10,4,59.72064208984375,50.421356201171875
10,4,78.37631225585938,79.6421127319336
10,4,79.22924041748047,75.39672088623047
10,4,-36.22624206542969,-48.55149459838867
10,5,24.986154556274414,29.39034652709961
10,5,-10.447386741638184,-5.100090980529785
10,5,14.97726058959961,-0.8680324554443359
10,5,-24.403121948242188,-21.654991149902344
10,5,-1.4386191368103027,-10.850290298461914
10,5,13.802032470703125,4.53962516784668
10,5,34.15723419189453,21.359355926513672
10,5,-29.39034652709961,-24.986154556274414
10,5,-16.13497543334961,2.1487388610839844
10,5,-1.51072359085083,-11.914322853088379
10,6,41.00395202636719,8.461342811584473
10,6,-3.3307361602783203,-22.521526336669922
10,6,22.941038131713867,6.783201217651367
10,6,-6.172798156738281,-25.43686294555664
10,6,-10.56953239440918,-23.723602294921875
10,6,-0.4780409336090088,-28.730358123779297
10,6,15.758794784545898,-2.0324807167053223
10,6,-8.461342811584473,-41.00395202636719
10,6,0.7121791839599609,-17.505327224731445
10,6,15.521431922912598,9.364426612854004
10,7,-21.075298309326172,-11.096960067749023
10,7,40.100318908691406,42.063682556152344
10,7,-35.749900817871094,-20.638765335083008
10,7,8.571287155151367,17.90421485900879
10,7,26.49485969543457,29.914283752441406
10,7,-20.443199157714844,-26.64933204650879
10,7,-33.19786834716797,-25.166858673095703
10,7,11.096960067749023,21.075298309326172
10,7,-25.335588455200195,-11.517807006835938
10,7,10.504531860351562,4.817357063293457
10,8,66.75775146484375,78.29454040527344
10,8,-19.528339385986328,-2.0516738891601562
10,8,6.734448432922363,11.8085298538208
10,8,17.002819061279297,25.650474548339844
10,8,-6.402948379516602,4.063924789428711
10,8,49.683250427246094,80.8538818359375
10,8,-104.75627136230469,-96.1064224243164
10,8,-78.29454040527344,-66.75775146484375
10,8,12.19447135925293,25.141036987304688
10,8,-34.952491760253906,-39.06367874145508
10,9,-0.7530021667480469,-14.854181289672852
10,9,15.905477523803711,10.713861465454102
10,9,31.400854110717773,19.087203979492188
10,9,11.932693481445312,12.568426132202148
10,9,-10.602212905883789,-15.144065856933594
10,9,19.150440216064453,26.56695556640625
10,9,-12.587179183959961,-14.529305458068848
10,9,14.854181289672852,0.7530021667480469
10,9,8.429120063781738,8.602088928222656
10,9,5.732369422912598,15.863014221191406
10,10,9.472734451293945,4.790067672729492
10,10,2.545042037963867,-12.720497131347656
10,10,6.858234405517578,14.562080383300781
10,10,47.62757873535156,58.94706726074219
10,10,-1.9149665832519531,-4.693805694580078
10,10,2.7328224182128906,-10.469497680664062
10,10,-17.914127349853516,-17.234176635742188
10,10,-4.790067672729492,-9.472734451293945
10,10,-9.530250549316406,-39.034324645996094
10,10,12.061498641967773,1.4777908325195312
10,11,12.839374542236328,6.4771623611450195
10,11,-41.1913948059082,-53.27421951293945
10,11,27.99764060974121,9.839555740356445
10,11,3.193897247314453,-1.837294578552246
10,11,2.7501306533813477,-1.8274431228637695
10,11,12.610553741455078,1.586277961730957
10,11,15.203487396240234,5.422140121459961
10,11,-6.4771623611450195,-12.839374542236328
10,11,43.87644577026367,41.340736389160156
10,11,-1.724980354309082,-20.0311336517334
11,0,-24.730316162109375,-15.976959228515625
11,0,157.48431396484375,179.01699829101562
11,0,109.92845153808594,64.84465026855469
11,0,-0.792205810546875,-2.45391845703125
11,0,92.72918701171875,82.865966796875
11,0,173.15841674804688,214.59088134765625
11,0,-38.9674072265625,-39.28746032714844
11,0,15.976959228515625,24.730316162109375
11,0,1.6288375854492188,-7.330680847167969
11,0,61.23779296875,57.797149658203125
11,1,17.50434112548828,5.98582649230957
11,1,23.58966827392578,31.657363891601562
11,1,-60.77357864379883,-87.20965576171875
11,1,-25.14493179321289,-33.33106231689453
11,1,10.549724578857422,5.916764259338379
11,1,73.95466613769531,88.72232055664062
11,1,-7.998481750488281,5.151935577392578
11,1,-5.98582649230957,-17.50434112548828
11,1,80.16091918945312,74.44629669189453
11,1,-6.078845977783203,-14.219718933105469
11,2,48.2700309753418,-24.486331939697266
11,2,8.379722595214844,-115.48234558105469
11,2,91.64106750488281,43.227359771728516
11,2,41.920631408691406,-72.67381286621094
11,2,-23.23438262939453,-84.0213623046875
11,2,70.59526062011719,-1.4382696151733398
11,2,50.23208236694336,-55.79780960083008
11,2,24.486331939697266,-48.2700309753418
11,2,51.767311096191406,-83.01325988769531
11,2,-24.53622055053711,-58.500946044921875
11,3,87.44735717773438,26.4481201171875
11,3,29.20113754272461,-54.50372314453125
11,3,110.38484191894531,8.766220092773438
11,3,0.6411972045898438,-36.82936096191406
11,3,-28.089675903320312,-66.98837280273438
11,3,-43.654823303222656,-156.67469787597656
11,3,193.65408325195312,-14.215240478515625
11,3,-26.4481201171875,-87.44735717773438
11,3,20.007781982421875,-68.31779479980469
11,3,107.90113067626953,36.006195068359375
11,4,-20.97021484375,-16.182357788085938
11,4,-45.20637512207031,-52.01007080078125
11,4,-46.351806640625,-30.83941650390625
11,4,-95.77398681640625,-94.80793762207031
11,4,41.4561767578125,54.666290283203125
11,4,-94.84832763671875,-90.0513916015625
11,4,-6.5099945068359375,17.320938110351562
11,4,16.182357788085938,20.97021484375
11,4,-40.3951416015625,-21.836273193359375
11,4,-54.92889404296875,-51.012847900390625
11,5,51.39411926269531,64.89035034179688
11,5,-9.863563537597656,-16.94978904724121
11,5,94.63307189941406,103.29410552978516
11,5,1.4151229858398438,1.1601066589355469
11,5,-74.69204711914062,-63.969696044921875
11,5,44.663455963134766,20.480531692504883
11,5,-10.157041549682617,-29.124492645263672
11,5,-64.89035034179688,-51.39411926269531
11,5,-0.37520790100097656,-0.2950572967529297
11,5,-12.208385467529297,-15.775772094726562
11,6,67.55455780029297,79.60134887695312
11,6,-39.061195373535156,-41.01879119873047
11,6,29.804841995239258,35.20576477050781
11,6,-2.9772300720214844,0.44053077697753906
11,6,-15.382282257080078,-39.874732971191406
11,6,75.74551391601562,84.0846939086914
11,6,-32.34659957885742,-17.673757553100586
11,6,-79.60134887695312,-67.55455780029297
11,6,-36.19404220581055,-67.1082763671875
11,6,-27.133644104003906,-11.377267837524414
11,7,-35.1537971496582,-55.116302490234375
11,7,35.59081268310547,37.54997253417969
11,7,-21.311771392822266,-22.148956298828125
11,7,23.206119537353516,31.81378936767578
11,7,4.720767974853516,13.771720886230469
11,7,31.6986141204834,18.32319450378418
11,7,-25.834985733032227,-36.12763977050781
11,7,55.116302490234375,35.1537971496582
11,7,-79.054443359375,-82.98939514160156
11,7,-13.33677864074707,-18.80342674255371
11,8,225.4977569580078,218.36004638671875
11,8,-2.4308242797851562,-12.607627868652344
11,8,40.550872802734375,11.081863403320312
11,8,-52.027130126953125,-62.203857421875
11,8,-68.4400634765625,-90.79720306396484
11,8,353.4205017089844,471.3531494140625
11,8,-218.19125366210938,-199.70321655273438
11,8,-218.36004638671875,-225.4977569580078
11,8,10.523193359375,7.258270263671875
11,8,-25.641334533691406,-46.140655517578125
11,9,30.82255744934082,21.981456756591797
11,9,10.852277755737305,8.387046813964844
11,9,21.486326217651367,13.987174987792969
11,9,-12.831884384155273,-9.525534629821777
11,9,25.533199310302734,5.125328540802002
11,9,73.88262176513672,90.3580322265625
11,9,-0.9427146911621094,-16.48216438293457
11,9,-21.981456756591797,-30.82255744934082
11,9,-5.128486633300781,1.5610618591308594
11,9,62.49010467529297,21.70724105834961
11,10,10.377796173095703,8.40850830078125
11,10,-28.77084732055664,-5.8563232421875
11,10,7.010265350341797,4.376773834228516
11,10,8.424031257629395,0.7228565216064453
11,10,-24.19379425048828,-11.595512390136719
11,10,29.84660530090332,34.69167709350586
11,10,-38.529850006103516,-18.780120849609375
11,10,-8.40850830078125,-10.377796173095703
11,10,-14.212261199951172,41.258583068847656
11,10,-24.762218475341797,-12.962444305419922
11,11,-70.93051147460938,-121.263427734375
11,11,174.8900909423828,104.88873291015625
11,11,-14.8995361328125,-57.851341247558594
11,11,4.2822265625,-37.21601867675781
11,11,47.451019287109375,51.908111572265625
11,11,12.230056762695312,-17.003250122070312
11,11,-12.574386596679688,-43.39520263671875
11,11,121.263427734375,70.93051147460938
11,11,113.81015014648438,46.749237060546875
11,11,54.290916442871094,45.36637878417969
